K_qnyWYyNTI	Strandstrecke fertigstellen, Karottenrute verzaubern und handeln
2xNJpGY4DZs	Neue Lorenstrecke vom Mining-Hub zum Strand
Jo4V7a-kW6Q	Gelände für einen Neubau vorbereiten – Zeitraffer ohne Kommentar
DFBqiWdaiaw	Schweine reiten und beschleunigen
r71F-3ZmRY8	Zwei weitere Bibliothekare züchten und neue Gehege bauen
87MqomiVYE0	Ausrüstung mit Reparatur bei Witherskeletten instand halten
rP1RTyGA_v4	Antiken Schrott mit TNT im Nether suchen
clJ1Sw0A-20	Eine Zuckerrohrfarm für die Papierherstellung bauen
aoRmyl8Yd7s	Dorfbewohner mit dem Boot zur Händlerhalle bringen
zNIpaxQLYj8	Tipps aus dem Bau von Farm, Bienenstand und Händlerhalle
0NDl2iMcN1Q	Zwei Bienennester zum Mining-Hub umsiedeln
UULfYfdkQao	Bienen, Nester und Bienenstöcke im Update 1.0.2
UURMVHAvQxI	Smaragde für den Dorfbewohnerhandel an Außenposten sammeln
rED-Fi_UuzE	Lorenstrecke verkleiden, Kuh melken und Kuchen backen
pph6zweRBIM	Diamanten mit Glück III abbauen und Lavabecken begegnen
mdvuUsKms5c	Mobfallen, Landschaftsbau und Fortschritte an der Yacht
nPvCDuUDVe4	Yachtbug ändern, Tageslichtsensor und Laufen auf Wasser
hflqAVIxa5c	Rundgang durch die fast fertige Yacht
WMp8cqHs_ps	Reparatur-Verzauberung auf Rüstung anwenden und Erfahrung nutzen
FvRGpWPYcvs	Yachtbau beginnen: der Rumpf
Xf6UG8-Okbw	Quarz für die Yacht mit TNT sammeln, Erfahrung und Antiker Schrott
FwkmIxZ85yQ	Neue Strecke zum Zurücksetzen der Bannerbeleuchtung
ZMYEOyawbP0	Gegenstände aus einem Truhenboot oder Truhenfloß fallen lassen
vvdyO0rgG7k	Ein beleuchtetes Banner für den Mining-Hub
Uz3wMEo86mc	Neue Funktionen: Verzaubern, funktionierende Rahmen und Schilder
VZ28e57gW0c	Fundament für die Minenstrecke im Eisstachel-Biom
sYkP3JUx9fY	Dorfbewohner besuchen und die Reisestrecke beschleunigen
DBsd2Quk2h8	Dorfbewohner ins eigene Haus aufnehmen und kennenlernen
vPvQjZSEBSg	Die erste Mine am Pyramiden-Außenposten beginnen
CPbBw-z4qm4	Seegurken, Kelp und Pflanzen an einer Unterwasserstrecke setzen
lZEyqZYPi1U	Den Turmweg im Eisstachel-Biom in eine Lorenstrecke umbauen
egCOeIdDIeU	Unterirdischen Weg zum Aussichtsturm fertigstellen
xsNmNqdUglA	Einen großen Eisstachel in einen Aussichtsturm verwandeln
JTpe5HPqGA0	Eine Lorenstrecke unter dem Ozean verlegen
DAuMuBtq0oI	Netherportal ins Lager verlegen und Angelteich sichern
7Zcp7yiLJPo	Sicherheitszaun und Eisangelteich im Eisstachel-Lager
KW_o7XweP_c	Eisstachel-Strecke fertigstellen und Schutzhütte bauen
EvG7g8PrvD0	Fortschritte an der 5000-Blöcke-Strecke zum Eisstachel-Biom
PH3OV_CKwfA	Eine Umsteigestation für Loren im Savannen-Biom bauen
38-8n74VPCk	Schwarzeichen ernten und Setzlinge für die Baumfarm sammeln
HU3GmtnvMDU	Baum- und Weizenfarm für Schwarzeichen erweitern
sx1mP0BOR4k	Schildkröten-Schutzgebiet mit einer Lorenstrecke erschließen
R2QiJ2wlyz8	Schildkröten züchten: Eier, Jungtiere und Unterwasseratmung
gZAfmMMYhCg	Spontaner Bergbau bei der Amethystgeode
pwZQdaW9R5Y	Das erste Waldanwesen entdecken und erkunden
TzG4oNgzVbo	Eine Amethystgeode in Mine 3 untersuchen
U4DGUMb11bw	Die Hauptstrecke durch einen Berg verlängern
ow8G89CQUYY	Magmablöcke im Nether sammeln
O4kGXnvSSqU	Mine 3 bauen, einrichten und per Lore erschließen
TTRDGL4HTmA	Die Lorenstrecke zu Mine 1 fertigstellen
rDMSPi5L2Ls	Tunnel und Lorenstrecke für Mine 1 bauen
FMXzdpp5CEs	Mine 2 nachbearbeiten und Diamanten sammeln
wNm8GVnScLM	Mine 2 mit einer angetriebenen Lorenstrecke erschließen
No6ckYyMRRc	Einen Schienenring zum Savannen-Außenposten bauen
8vjL_GVHI40	Eine kleine Baum- und Weizenfarm bauen und bepflanzen
ys9vkYR4BwA	Nether-Sicherheitskorridor zur Lorenstrecke umbauen
YZsaUk8SLVo	Sicheren Nether-Korridor zwischen Hub und Pyramiden bauen
ODQOv2gxiXg	Den Mining-Hub vollständig einzäunen
m4YSDIBbeWA	Zäune, neuer Bootssteg und versetztes Portal am Hub
2FGfEin0gPQ	Überarbeitete Fassung: Lorenstrecke unter Erde, See und Meer
GVH8WyaqojY	Erze sammeln und die Schmelzanlage in Betrieb nehmen
DsWwaSJaAGg	Fertige Erzverarbeitung und Lagerung mit Netherportal
k2sj1sYGQYk	Weiterbau an Erzverarbeitung und Lager
bXRF-DAXQo8	Erzverarbeitung und Lager am Mining-Hub beginnen
FX51bnRCz5s	Den Hub-See zum offenen Meer erweitern
stfzYi_Csos	Fußbrücken, Wege und gerettete Kaninchenbabys
I-L3NhhLtgs	Den kleinen See erweitern und das Gelände gestalten
PT_60Y83uOY	Das Gelände für eine Verbindung vom See zum Meer verändern
vLzlBGfwPaw	Bergbau am Hub: Diamanten, Hexenhütte und Geländepläne
b5VJTboqqH4	Mining-Hub: Bergbau, Diamanten, Tipps und rosa Schafe
TvoZwl9hxHc	Weiterbau am Mining-Hub: Wege und Gelände
 a7IR-MlqZzo	Wege bauen und das Gelände am Mining-Hub formen
a_RB3x-GLzQ	Den erhöhten Mining-Außenposten weiterbauen
BBuJuOFVe7Q	Einen erhöhten Mining-Außenposten an der Strecke bauen
keZsRjtQjNc	Gegenstände aus Inventar und Schnellzugriffsleiste fallen lassen
bg1SANu_O-E	Rückfahrt auf der neuesten Lorenstrecke
9MHJ7rfbWfU	Diamantensuche: ein Fund von 20 Diamanten
raxC_2RRV9k	Einstieg in den Überlebensmodus: der Anfang einer Welt
w8I4n-DscU8	Fahrt vom Wüsten-Außenposten zum Angelsee
R0CltHAv3IY	Lorenstrecke von der Wüstenbasis zum Angelsee bauen
fyd_Q986zGg	Gelände am UFO-Gehege bei Pyramide 3 gestalten
U9mIcDzMvRY	Am UFO-Gehege bei Pyramide 3 weiterarbeiten
WF7sUAfz5aQ	Ein UFO-Gehege bei Pyramide 3 bauen
_ebpcdfGX7E	Nether erkunden und Ton, Ziegel sowie Schießpulver sammeln
X2zyO5U35ts	Wirrwald und eine weitere Netherfestung entdecken
5wDEuDW2GTM	Netherfestung und umgestürztes Portal erkunden
OL5Kv93rK_8	Den Nether-Transportbau fertig verbinden
-s5doou7hZU	Nether-Transportbau mit Kreativ- und Architektenmodus beschleunigen
6_8q0kAMqiE	Nether-Transportbau mit Kreativ- und Architektenmodus beschleunigen
2vcU3x6d5sE	Nether-Transportbau mit Kreativ- und Architektenmodus beginnen
Lk25HyVYxT4	Bastionsruine, Karmesinwald und Trauerranken im Nether
VJdHiXF35Rk	Weitere Leuchtsteine sammeln und den Nether erkunden
V_jsUXv4uLk	Weitere Leuchtsteine sammeln und den Nether erkunden
l6Fh8wXBXH8	Leuchtsteine, Plattformen und lästige Ghasts
qhIqUslNezg	Quarz, Leuchtstein und Antiken Schrott im Nether sammeln
trm0VmbW7DU	Virtual-Desktop-Update mit RealmCraft VR testen
e8Ak-mpx_90	Reise fortsetzen: schwarze Wölfe und ein Schiffswrack
KZ8X_hzf_WU	Eine einfache Karten-App für RealmCraft mit KI erstellen
xbiMUAWyVCY	Überlebensspiel und Diamantensuche
Y93y1g2mIko	Wölfe, TNT, Pyramiden und Aufräumarbeiten
pycBBvlem8U	Eine Pyramide am Wüsten-Plünderer-Außenposten weiterbauen
Ap9-kuppGNY	Eine Pyramide am Wüsten-Plünderer-Außenposten beginnen
NvuEVV5dqZc	Schießpulver sammeln und erneut mit TNT nach Antikem Schrott suchen
ldhJ4eHaVeA	TNT-Bergbau im Nether mit dem Legion-Go-Handheld
wuIdG0uux7I	Die TNT-Suche nach Antikem Schrott fortsetzen
qKPhoQJS5r8	Der erste TNT-Bergbau im Nether nach Antikem Schrott
M8mu2Vb13yQ	Letzte Arbeiten an der Unterwasser-Aussichtskapsel
ubbj3hC79Kg	Die Unterwasser-Aussichtskapsel am Angelsee umbauen
uvEthqJObz8	Arbeiten am Angelsee fortsetzen
MNWLBFXIE-8	Korallen, Seegurken und Brücken am Angelsee
bMUKZvRN7sk	Korallen und Seegurken für den Angelsee sammeln
ZCU6Wdj9L5k	Spontanes Bergbauabenteuer mit Gespräch
9eOrNunGSug	Fahrt auf der fertigen unterirdischen Lorenstrecke
dnvejRd8NOY	Den Tunnel der unterirdischen Lorenstrecke verschönern
OYXNkTL8rug	Die unterirdische Lorenstrecke ist fertig
RjTEGdCJHLw	Die unterirdische Lorenstrecke nähert sich der Fertigstellung
_MIU7Ck0Ccs	Die Tunnel der unterirdischen Lorenstrecke treffen aufeinander
bAU5zQNodZ8	Eine Lorenstrecke unter Erde und See weiterbauen
bbWzmIWxHsQ	Eine Lorenstrecke unter Erde und See weiterbauen
njTbvSv8tIw	Die Unterwasserstrecke fertigstellen
0_8iH8zwdTw	Am Unterwasserabschnitt der Lorenstrecke bauen
8ZYeAmYNw8g	Am Unterwasserabschnitt der Lorenstrecke bauen
ZG7cVDSsjBQ	Am Unterwasserabschnitt der Lorenstrecke bauen
Hmpqfw1n0ZA	Sand für Glas für die Unterwasserstrecke sammeln
9wV1uGypMfw	Am Savannen-Außenposten Erzvorräte auffüllen
C9Rl4kFISII	Lorenstrecke unter Erde, See und Meer weiterbauen
GqukJpN9KFc	Lorenstrecke unter Erde, See und Meer beginnen
gcHM4pLA-8c	Im Nether nach Antikem Schrott suchen
0OmcXLBGpgU	Im Nether nach Antikem Schrott suchen
zaisZx8zrwM	Im Nether nach Antikem Schrott suchen
cuOCBF0ujiw	Schleime suchen und zwei Musikplatten mitbringen
PmTxtG47crU	Einen Weg im Schneebiom in eine Lorenstrecke umbauen
tUFM-hMWNUI	Erzbergbau fortsetzen und Pico-4-Aufzeichnung testen
fJVr8bwYo_4	Eisen und Gold nach dem Schienenbau wieder auffüllen
d6BpFf8FDKM	Schneller reisen mit der Lore
gmikVpkTzTI	Nachtfahrt vom Savannen-Außenposten zur Hauptbasis
_0cPsdm1JZo	Eine neue Welt beginnen und Diamanten suchen
JEHb6UCkOlU	Den Dschungelweg in eine Lorenstrecke umbauen
-bnh8FCIn5Y	Freunde und Hühner in RealmCraft VR
Nk2lSL1ULx8	Ein Eisengolem hört Musik
HseIKVxE7nM	Ein automatisiertes Redstone-Lichtbanner
nMfsKjfAiL0	Panik am Angelsee
igM05l8WjNw	Unter Wasser mit Atmung III – Demonstration des Autors
9B5sX802vAw	Einen Eisengolem bauen
ngUvYi8PbrU	Den Lorenparkplatz sichern
